{
  "scriptContent" : "import os\nimport sys\nimport ast\nsys.path.insert(0,AVX::DEPENDENCIES)\nsys.path.insert(0,AVX::HELPER)\nimport pymongo\nimport appviewx\nimport commands\nimport paramiko\nreload(appviewx)\nimport Decrypt\nreload(Decrypt)\nclient=appviewx.db_connection()\ndb = client.appviewx\ndef Ipaddress(sourcedev):\n    '''fetch IP address'''\n    global IP\n    for value in db.device.find({\"name\":sourcedev}):\n        IP=value[\"ip\"]\n\ndef Ipaddress_dest(destinationdev):\n    '''fetch IP address'''\n    global DEST_IP\n    for value in db.device.find({\"name\":destinationdev}):\n        DEST_IP=value[\"ip\"]\n\ndef cred_source(sourcedev):\n    '''decrypt username and password'''\n    global UNAME\n    global PWD\n    UNAME,PWD=Decrypt.getpassword(sourcedev)\n\ndef cred_destination(destinationdev):\n    '''decrypt username and password'''\n    global  DEST_UNAME\n    global DEST_PWD\n    DEST_UNAME,DEST_PWD=Decrypt.getpassword(destinationdev)\n\ndef path():\n    global REMOTE_CERTIFICATE_PATH,DESTINATION_CERTIFICATE_PATH,REMOTE_KEY_PATH,DESTINATION_KEY_PATH\n    REMOTE_CERTIFICATE_PATH = \"/config/filestore/files_d/Common_d/certificate_d/\"\n    DESTINATION_CERTIFICATE_PATH = '/config/ssl/ssl.crt/'\n    REMOTE_KEY_PATH = \"/config/filestore/files_d/Common_d/certificate_key_d/\"\n    DESTINATION_KEY_PATH = '/config/ssl/ssl.key/'\n\ndef get_certificate_key_files(certificates_list,key_list,sourec_dev,destination_dev):\n    global CERTIFICATE_FILES,KEY_FILES\n    KEY_FILES = {}\n    CERTIFICATE_FILES = {}\n    path()\n    Ipaddress(sourec_dev)\n    Ipaddress_dest(destination_dev)\n    cred_source(sourec_dev)\n    cred_destination(destination_dev)\n    #port = 22\n    client = paramiko.SSHClient()\n    client.load_system_host_keys()\n    client.set_missing_host_key_policy(paramiko.AutoAddPolicy())\n    client.connect(IP, username = UNAME, password = PWD)\n    #client.connect(IP, port, UNAME, PWD)\n    for cert in certificates_list:\n        command = 'ls '+REMOTE_CERTIFICATE_PATH+' | grep '+cert\n        (stdin, stdout, stderr) = client.exec_command(command)\n        output = stdout.readlines()\n        CERTIFICATE_FILES[cert]=output[0].replace('\\n','')\n    for key in key_list:\n        command = 'ls '+REMOTE_KEY_PATH+' | grep '+key\n        (stdin, stdout, stderr) = client.exec_command(command)\n        output = stdout.readlines()\n        #print repr(stdout.readlines())\n        #KEY_FILES.append(output[0])\n        KEY_FILES[key]=output[0].replace('\\n','')\n    client.close()\n\ndef scp_certificate_key_source_to_appviewx(certificates_list,key_list,sourec_dev,destination_dev,appviewx_path_cert,appviewx_path_key):\n    get_certificate_key_files(certificates_list,key_list,sourec_dev,destination_dev)\n    certificate_migrated = {}\n    key_migrated = {}\n    #source to appviewx\n    #KeyPath = \"/home/appviewx/.ssh/id_rsa\"\n    #key=paramiko.RSAKey.from_private_key_file(KeyPath)\n    trans = paramiko.Transport((IP,port))\n    trans.connect(username=UNAME, password=PWD)\n    #trans.set_missing_host_key_policy(paramiko.AutoAddPolicy())\n    session = trans.open_channel(\"session\")\n    sftp = paramiko.SFTP.from_transport(trans)\n    for cert_name,cert_file in CERTIFICATE_FILES.iteritems():\n        remote_path = REMOTE_CERTIFICATE_PATH+cert_file\n        localpath=appviewx_path_cert+cert_file\n        try:\n            sftp.get(remote_path,localpath)\n        except OSError:\n            #exit(1)\n            #print OSError\n            pass\n\n    for key_name,key_file in KEY_FILES.iteritems():\n        remote_path = REMOTE_KEY_PATH+key_file\n        localpath=appviewx_path_key+key_file\n        try:\n            sftp.get(remote_path,localpath)\n        except OSError:\n            #sys.exit(1)\n            #print OSError\n            pass\n    trans.close()\n\n    #appviewx to destination\n    trans1 = paramiko.Transport((DEST_IP,port))\n    trans1.connect(username=DEST_UNAME, password=DEST_PWD)\n    #trans1.set_missing_host_key_policy(paramiko.AutoAddPolicy())\n    session = trans1.open_channel(\"session\")\n    sftp = paramiko.SFTP.from_transport(trans1)\n    for cert_name,cert_file in CERTIFICATE_FILES.iteritems():\n        localpath = DESTINATION_CERTIFICATE_PATH+cert_file\n        remote_path = appviewx_path_cert+cert_file\n        try:\n            sftp.put(remote_path,localpath)\n            certificate_migrated[cert_name]=cert_file\n        except OSError:\n            #print OSError\n            pass\n    for key_name,key_file in KEY_FILES.iteritems():\n        localpath = DESTINATION_KEY_PATH+key_file\n        remote_path = appviewx_path_key+key_file\n        try:\n            sftp.put(remote_path,localpath)\n            key_migrated[key_name]=key_file\n        except OSError:\n            #sys.exit(1)\n            #print OSError\n            pass\n    trans1.close()\n    \n    for cert_name,cert_file in certificate_migrated.iteritems():\n        cmd='tmsh install sys crypto cert '+cert_name+' from-local-file '+DESTINATION_CERTIFICATE_PATH+cert_file\n        print cmd\n\n    for key_name,key_file in key_migrated.iteritems():\n        cmd='tmsh install sys crypto key '+key_name+' from-local-file '+DESTINATION_KEY_PATH+key_file\n        print cmd\n\nif __name__ == '__main__':\n    inputs = sys.argv\n    certificates_list = inputs[1].split(',')\n    key_list = inputs[2].split(',')\n    sourec_dev = inputs[3]\n    destination_dev = inputs[4]\n    appviewx_path_cert = inputs[5]+'/'\n    appviewx_path_key = inputs[6]+'/'\n    port = 22\n    scp_certificate_key_source_to_appviewx(certificates_list,key_list,sourec_dev,destination_dev,appviewx_path_cert,appviewx_path_key)",
  "scriptType" : "Python",
  "description" : "Paramiko",
  "name" : "scp_certificate_paramiko",
  "id" : "scp_certificate_paramiko"
}