{
  "scriptType" : "Python",
  "scriptContent" : "'''\nCreated on 08-Jul-2016\n\n@author: Sujeesh.S\n@version : 1.0\n\n'''\n\nimport sys\nimport json\nimport commands\nexec(\"dependencies = \\\"AVX::DEPENDENCIES\\\"\")\nexec(\"helper = \\\"AVX::HELPER\\\"\") \nsys.path.insert(0, dependencies)\nsys.path.insert(0, helper)\nimport appviewx\nimport Decrypt\nreload(appviewx)\nreload(Decrypt)\n\n\nclass Infoblox:\n    '''\n    This class is having all functions related to an Infoblox device\n    '''\n\n    def __init__(self):\n        '''\n        Initialize Infoblox object\n        '''\n\n    @staticmethod\n    def get_device_ip(device_name):\n        '''\n        Return device ip and wapi version of the device.\n        '''\n        connection = appviewx.db_connection()\n        collection = connection.appviewx.device\n        device = collection.find_one({'name': device_name}, \\\n                                     {'ip': 1, 'attributes': 1})\n        return device['ip'], device['attributes']['wapiVersion']\n\n    @staticmethod\n    def get_reference(username, password, device_ip, wapi, subnet):\n        '''\n        Return _ref of Infoblox device\n        '''\n        curl_command = 'curl --silent -k1 -u {uname}:{pwd} -X GET '\\\n                        'https://{ip}/wapi/v{wapi_version}/'\\\n                        'network?_return_type=json-pretty\\&network='\\\n                        '{subnet}'.format(\n                        uname=username,\n                        pwd=password,\n                        ip=device_ip,\n                        wapi_version=wapi,\n                        subnet=subnet)\n        status, output = commands.getstatusoutput(curl_command)\n        json_output = json.loads(output)\n        return json_output[0]['_ref']\n\n    @staticmethod\n    def get_free_ip(device_name, subnet):\n        '''\n        Return a free IP address from the Infoblox device\n        '''\n        username, password = Decrypt.getpassword(device_name)\n        device_ip, wapi_version = Infoblox.get_device_ip(device_name)\n\n        curl_command = 'curl --silent -k1 -u {uname}:{pwd} -X POST '\\\n                        'https://{ip}/wapi/v{wapi_version}/{ref}?'\\\n                        '_function=next_available_ip\\&_return_type='\\\n                        'json-pretty\\&num=1'.format(\n                        uname=username,\n                        pwd=password,\n                        ip=device_ip,\n                        wapi_version=wapi_version,\n                        ref=Infoblox.get_reference(username, password, device_ip, \\\n                                                   wapi_version, subnet))\n        status, output = commands.getstatusoutput(curl_command)\n        json_output = json.loads(output)\n        return str(json_output['ips'][0])\n",
  "description" : "Get free ip from infoblox device",
  "name" : "Infoblox",
  "id" : "Infoblox"
}